type,x,y
1,6.643698282,18.360729845
1,9.718588961,17.657138958
1,3.80459333,15.866802174
1,11.279210176,15.950812159
1,12.331430617,19.986194483
2,18.720893308,6.07408496
2,4.894049092,2.379599407
2,10.860518613,5.501137612
2,10.608478169,11.92313923
2,13.160523427,8.764484364
