type,x,y,scale,shift
1,57.18130522,45.11118744,1.0,1.0
0,82.66740864,33.36643008,1.0,1.0
1,3.96095005,40.79489195,1.0,1.0
0,25.67908106,35.31494599,1.0,1.0
0,94.60188408,30.4949719,1.0,1.0
0,43.80186961,70.13086211,1.0,1.0
0,36.70700268,35.01995773,1.0,1.0
1,17.77783866,50.37454553,1.0,1.0
1,48.94917696,9.64216645,1.0,1.0
1,47.38750289,37.74906785,1.0,1.0
1,57.18130522,45.11118744,1.0,1.0
1,57.18130522,45.11118744,1.0,1.0
