type,x,y
2,17.948925776,3.092434739
