type,x,y
1,17.768111407,7.28846382
2,6.426665525,17.759192348
2,1.840862462,12.732053116
1,19.066552646,18.720876158
2,12.399973744,12.576673839
2,5.03346235,7.074980767
2,3.753627683,4.86318917
2,9.452918301,16.635143935
2,14.905069891,12.578930172
1,16.9026472,17.547342103
